{"name":"cc3a5d2d-b04d-4f32-8151-1cea6ac8d864","id":"/providers/Microsoft.Flow/flows/cc3a5d2d-b04d-4f32-8151-1cea6ac8d864","type":"Microsoft.Flow/flows","properties":{"apiId":"/providers/Microsoft.PowerApps/apis/shared_logicflows","displayName":"Aprovar","definition":{"metadata":{"workflowEntityId":null,"processAdvisorMetadata":null,"flowChargedByPaygo":null,"flowclientsuspensionreason":"None","flowclientsuspensiontime":null,"flowclientsuspensionreasondetails":null,"creator":{"id":"0db20475-034a-43dd-b656-d5f1ed23d6c3","type":"User","tenantId":"d55f6b89-e844-4c2b-b069-ef293ba546ff"},"provisioningMethod":"FromDefinition","failureAlertSubscription":true,"clientLastModifiedTime":"2023-06-13T22:28:13.9607996Z"},"$schema":"https://schema.management.azure.com/providers/Microsoft.Logic/schemas/2016-06-01/workflowdefinition.json#","contentVersion":"1.0.0.0","parameters":{"$connections":{"defaultValue":{},"type":"Object"},"$authentication":{"defaultValue":{},"type":"SecureObject"}},"triggers":{"manual":{"metadata":{"operationMetadataId":"a16671b1-9d71-4091-bffb-31faf1e8a3c0"},"type":"Request","kind":"PowerApp","inputs":{"schema":{"type":"object","properties":{"Sendanemail_To":{"type":"string","format":"email","description":"Specify email addresses separated by semicolons like someone@contoso.com","x-ms-powerflows-param-ispartial":false},"Sendanemail_Subject":{"type":"string","description":"Specify the subject of the mail","x-ms-powerflows-param-ispartial":false},"Sendanemail_Body":{"type":"string","format":"html","description":"Specify the body of the mail.","x-ms-powerflows-param-ispartial":true}},"required":["Sendanemail_To","Sendanemail_Subject","Sendanemail_Body"]}}}},"actions":{"Obter_itens":{"runAfter":{},"metadata":{"operationMetadataId":"b05c24c8-617c-4040-ad73-abe1848804c5"},"type":"OpenApiConnection","inputs":{"host":{"apiId":"/providers/Microsoft.PowerApps/apis/shared_sharepointonline","connectionName":"shared_sharepointonline","operationId":"GetItems"},"parameters":{"dataset":"https://fmuedubr.sharepoint.com/sites/BestPisosBD","table":"5c647962-b2d7-4329-9ed9-510ce387925c"},"authentication":{"value":"@json(decodeBase64(triggerOutputs().headers['X-MS-APIM-Tokens']))['$ConnectionKey']","type":"Raw"}}},"Send_an_email":{"runAfter":{"Obter_itens":["Succeeded"]},"metadata":{"operationMetadataId":"2fbb6714-cce1-45f1-ab5c-29f71a5ab1dc"},"type":"OpenApiConnection","inputs":{"host":{"apiId":"/providers/Microsoft.PowerApps/apis/shared_office365","connectionName":"shared_office365","operationId":"SendEmailV2"},"parameters":{"emailMessage/To":"@triggerBody()['Sendanemail_To']","emailMessage/Subject":"@{triggerBody()['Sendanemail_Subject']}Pedido Recebido com Sucesso","emailMessage/Body":"<p>@{triggerBody()['Sendanemail_Body']}Seu pedido será entregue em breve!<br>\n</p>"},"authentication":{"value":"@json(decodeBase64(triggerOutputs().headers['X-MS-APIM-Tokens']))['$ConnectionKey']","type":"Raw"}}}},"outputs":{},"description":"Adicionar um novo item a uma lista do SharePoint e, em seguida, enviar uma mensagem de e-mail quando for selecionado um botão ou uma ligação no Power Apps."},"connectionReferences":{"shared_sharepointonline":{"connectionName":"6156da77b47146459edba41b5e952ce0","source":"Invoker","id":"/providers/Microsoft.PowerApps/apis/shared_sharepointonline","tier":"NotSpecified"},"shared_office365":{"connectionName":"shared-office365-1b7f0b55-ad5d-4711-8990-ca680badcf96","source":"Invoker","id":"/providers/Microsoft.PowerApps/apis/shared_office365","tier":"NotSpecified"}},"flowFailureAlertSubscribed":false,"isManaged":false}}