{"schemaVersion":"1.0","appDefinitionTemplate":{"id":"/providers/Microsoft.PowerApps/apps/","type":"Microsoft.PowerApps/apps","tags":{"primaryDeviceWidth":"900","primaryDeviceHeight":"640","supportsPortrait":"true","supportsLandscape":"true","primaryFormFactor":"Tablet","publisherVersion":"3.23055.18","minimumRequiredApiVersion":"2.2.0","hasComponent":"true","hasUnlockedComponent":"true","isUnifiedRootApp":"false","sienaVersion":"20230613T222837Z-3.23055.18.0"},"properties":{"appVersion":"2023-06-13T22:28:37Z","lifeCycleId":"Published","createdByClientVersion":{"major":3,"minor":23055,"build":18,"revision":0,"majorRevision":0,"minorRevision":0},"minClientVersion":{"major":3,"minor":23055,"build":18,"revision":0,"majorRevision":0,"minorRevision":0},"backgroundColor":"RGBA(0,176,240,1)","backgroundImageUri":"/3409733888057623505/N942ebebe-cc4f-4137-ad2b-29154ea569b7-logoSmallFile","displayName":"BestPisos - Gabriel Ramirez","description":"","commitMessage":"","appUris":{"documentUri":{"value":"/3409733888057623505/N0bde7607-2c52-4b4e-9632-19c8ab5c6f72-document.msapp"},"imageUris":[],"additionalUris":[]},"createdTime":"0001-01-01T00:00:00Z","lastModifiedTime":"0001-01-01T00:00:00Z","sharedGroupsCount":0,"sharedUsersCount":0,"connectionReferences":{"7ad7157e-9ec5-4c6d-aae3-44a69446dbb1":{"id":"cfd4537a-de81-4176-b501-74f3e716d60e","displayName":"Utilizadores do Office 365","iconUri":"https://connectoricons-prod.azureedge.net/u/shgogna/globalperconnector-train1/1.0.1639.3312/office365users/icon.png","dataSources":["UsuáriosdoOffice365"],"dependencies":[],"dependents":[],"parameterHints":{},"parameterHintsV2":{},"isOnPremiseConnection":false,"bypassConsent":false,"dataSets":{},"apiTier":"Standard","isCustomApiConnection":false,"actions":["MyProfileV2"]},"e8f9958f-dd8f-4646-8a67-41bae6c99596":{"id":"81381eb4-ad17-43b4-ad96-eca3ef32424b","displayName":"SharePoint","iconUri":"https://connectoricons-prod.azureedge.net/u/shgogna/globalperconnector-train1/1.0.1639.3312/sharepointonline/icon.png","dataSources":["Pedidos","Pisos","User"],"dependencies":[],"dependents":[],"parameterHints":{},"parameterHintsV2":{},"isOnPremiseConnection":false,"bypassConsent":false,"dataSets":{"https://fmuedubr.sharepoint.com/sites/BestPisosBD":{"dataSources":{"Pedidos":{"tableName":"5c647962-b2d7-4329-9ed9-510ce387925c"},"Pisos":{"tableName":"f6263984-ca3e-41d5-896d-0163b77bb3bd"},"User":{"tableName":"5cc534bc-33a3-4f4b-95c7-37c251e48f91"}}}},"apiTier":"Standard","isCustomApiConnection":false,"actions":["providers/PowerPlatform.Governance/Operations/Read"]},"65a03b89-ad27-41ce-a30f-ce36be945ff9":{"id":"81381eb4-ad17-43b4-ad96-eca3ef32424b","displayName":"SharePoint","iconUri":"https://connectoricons-prod.azureedge.net/u/shgogna/globalperconnector-train1/1.0.1639.3312/sharepointonline/icon.png","dataSources":["Clientes"],"dependencies":[],"dependents":["a80e779d-67dc-4043-b12e-fd8a2509a614"],"parameterHints":{},"parameterHintsV2":{},"isOnPremiseConnection":false,"bypassConsent":false,"dataSets":{"https://fmuedubr.sharepoint.com/sites/BestPisosBD":{"dataSources":{"Clientes":{"tableName":"25eea37a-f85f-47bd-9575-8a66dbd9583b"}}}},"apiTier":"Standard","isCustomApiConnection":false,"actions":["providers/PowerPlatform.Governance/Operations/Read"]},"e76430bf-543d-476f-b4b4-aeb737aa26c7":{"id":"81381eb4-ad17-43b4-ad96-eca3ef32424b","displayName":"SharePoint","iconUri":"https://connectoricons-prod.azureedge.net/u/shgogna/globalperconnector-train1/1.0.1639.3312/sharepointonline/icon.png","dataSources":["News"],"dependencies":[],"dependents":[],"parameterHints":{},"parameterHintsV2":{},"isOnPremiseConnection":false,"bypassConsent":false,"dataSets":{"https://fmuedubr.sharepoint.com/sites/BestPisosBD":{"dataSources":{"News":{"tableName":"e4d7f9a8-a5bb-4672-817c-a8404f1ffd5c"}}}},"apiTier":"Standard","isCustomApiConnection":false,"actions":["providers/PowerPlatform.Governance/Operations/Read"]},"a80e779d-67dc-4043-b12e-fd8a2509a614":{"id":"e07e1491-91fd-4a9a-9ce0-4cb6d3ce9405","displayName":"Fluxos lógicos","iconUri":"https://connectoricons-prod.azureedge.net/releases/v1.0.1636/1.0.1636.3297/logicflows/icon.png","dataSources":["Aprovar"],"dependencies":["65a03b89-ad27-41ce-a30f-ce36be945ff9","8ff215ef-05cd-4dfe-91fa-a959becb0d02"],"dependents":[],"parameterHints":{"workflowName":{"value":"8571a5cc-18ca-4ce2-a920-f606f0100758"},"workflowEntityId":{},"65a03b89-ad27-41ce-a30f-ce36be945ff9":{"value":"shared_sharepointonline"},"8ff215ef-05cd-4dfe-91fa-a959becb0d02":{"value":"shared_office365"}},"parameterHintsV2":{"workflowName":{"value":"8571a5cc-18ca-4ce2-a920-f606f0100758"},"workflowEntityId":{},"shared_sharepointonline":{"value":"65a03b89-ad27-41ce-a30f-ce36be945ff9"},"shared_office365":{"value":"8ff215ef-05cd-4dfe-91fa-a959becb0d02"}},"isOnPremiseConnection":false,"bypassConsent":false,"dataSets":{},"apiTier":"Standard","isCustomApiConnection":false,"actions":["Run"],"nestedActions":[{"id":"/providers/Microsoft.PowerApps/apis/shared_sharepointonline/apiOperations/GetItems","apiName":"SharePoint","actionName":"GetItems","referencedResources":[{"key":"site","value":"https://fmuedubr.sharepoint.com/sites/BestPisosBD"},{"key":"list","value":"5c647962-b2d7-4329-9ed9-510ce387925c"}]},{"id":"/providers/Microsoft.PowerApps/apis/shared_office365/apiOperations/SendEmailV2","apiName":"Office 365 Outlook","actionName":"SendEmailV2","referencedResources":[]}]},"8ff215ef-05cd-4dfe-91fa-a959becb0d02":{"id":"b5440671-11a4-4c1e-9f01-ae95d5b7d3cd","displayName":"Office 365 Outlook","iconUri":"https://connectoricons-prod.azureedge.net/u/shgogna/globalperconnector-train1/1.0.1639.3313/office365/icon.png","dataSources":[],"dependencies":[],"dependents":["a80e779d-67dc-4043-b12e-fd8a2509a614"],"parameterHints":{},"parameterHintsV2":{},"isOnPremiseConnection":false,"bypassConsent":false,"dataSets":{},"apiTier":"Standard","isCustomApiConnection":false}},"databaseReferences":{},"almMode":"Environment","performanceOptimizationEnabled":true,"canConsumeAppPass":true,"enableModernRuntimeMode":false,"executionRestrictions":{"isTeamsOnly":false,"dataLossPreventionEvaluationResult":{"status":"Compliant","lastEvaluationDate":"2023-06-13T22:28:58.9009247Z","violations":[],"violationsByPolicy":[],"violationErrorMessage":"A aplicação utiliza os seguintes conectores: shared_office365users, shared_sharepointonline, shared_logicflows, shared_office365."},"httpActionRestriction":{"appUsesSharepointHttpAction":false,"enforcementStrategy":"Legacy","evaluationTime":"2023-06-13T22:28:58.9008654Z"}}},"appType":"ClassicCanvasApp","appComponents":[]}}